ticker,sector,entry_date,exit_date,entry,exit,qty,bars,reason,regime,pnl,r_mult
LTF.NS,Financial Services,2025-04-24,2025-04-28,175.35,158.5,737,2,stop (gap),green,-12421.0,-1.22
IOC.NS,Oil Gas & Consumable Fuels,2025-05-06,2025-05-09,138.79,128.29,4,3,stop (gap),green,-42.0,-1.14
UNITDSPR.NS,Fast Moving Consumer Goods,2025-04-24,2025-06-11,1556.46,1465.27,111,33,stop,green,-10122.0,-1.0
TATACONSUM.NS,Fast Moving Consumer Goods,2025-04-25,2025-06-12,1142.0,1076.0,10,33,score decay,green,-660.0,-0.83
GODFRYPHLP.NS,Fast Moving Consumer Goods,2025-04-24,2025-06-13,2615.65,2615.65,37,35,stop,green,0.0,0.0
RHIM.NS,Capital Goods,2025-06-13,2025-07-01,472.37,458.09,257,12,score decay,green,-3670.0,-0.33
SUPREMEIND.NS,Capital Goods,2025-06-18,2025-07-08,4549.61,4193.79,8,14,stop,green,-2847.0,-1.0
MFSL.NS,Financial Services,2025-04-28,2025-07-17,1260.0,1526.28,93,57,stop,green,24764.0,3.34
AUBANK.NS,Financial Services,2025-04-24,2025-07-18,657.05,794.13,165,60,time stop,green,22618.0,2.23
CHOICEIN.NS,Financial Services,2025-04-24,2025-07-18,612.0,753.05,233,60,time stop,green,32865.0,3.24
CEMPRO.NS,Construction,2025-06-11,2025-07-18,810.35,810.35,138,27,stop,green,0.0,0.0
DALBHARAT.NS,Construction Materials,2025-04-25,2025-07-21,1969.66,2251.36,65,60,time stop,green,18311.0,1.8
JKCEMENT.NS,Construction Materials,2025-04-25,2025-07-21,5229.9,6392.21,25,60,time stop,green,29058.0,2.85
ANURAS.NS,Chemicals,2025-04-25,2025-07-21,854.8,1158.03,113,60,time stop,green,34264.0,3.37
BEL.NS,Capital Goods,2025-05-14,2025-07-21,336.33,389.0,1,48,stop,green,53.0,2.12
HEGAM.NS,Capital Goods,2025-07-18,2025-07-25,553.88,510.24,261,5,stop,green,-11391.0,-1.0
RRKABEL.NS,Capital Goods,2025-07-18,2025-07-28,1482.0,1358.14,92,6,stop,green,-11395.0,-1.0
BALKRISIND.NS,Automobile and Auto Components,2025-07-18,2025-07-28,2705.86,2574.92,87,6,stop,green,-11391.0,-1.0
DELHIVERY.NS,Services,2025-07-09,2025-07-30,412.8,412.8,94,15,stop,green,0.0,0.0
OLECTRA.NS,Automobile and Auto Components,2025-07-18,2025-07-31,1273.05,1385.77,34,9,stop,green,3832.0,1.24
AMBUJACEM.NS,Construction Materials,2025-07-22,2025-08-07,611.97,584.24,96,12,stop,green,-2662.0,-1.0
INDIGO.NS,Services,2025-07-01,2025-08-29,5952.44,5646.0,19,41,score decay,green,-5822.0,-0.82
DALBHARAT.NS,Construction Materials,2025-07-22,2025-09-25,2263.1,2270.77,94,45,stop,green,721.0,0.06
PVRINOX.NS,Media Entertainment & Publication,2025-07-22,2025-10-17,1035.0,1092.6,161,60,time stop,green,9274.0,0.82
FORTIS.NS,Healthcare,2025-07-25,2025-10-23,843.46,1048.34,158,60,time stop,green,32371.0,3.95
UBL.NS,Fast Moving Consumer Goods,2025-10-24,2025-10-27,1815.88,1809.42,9,1,score decay,green,-58.0,-0.08
MOTILALOFS.NS,Financial Services,2025-10-14,2025-10-29,1000.47,1000.47,157,10,stop,green,0.0,0.0
ATHERENERG.NS,Automobile and Auto Components,2025-10-17,2025-10-30,680.0,680.0,138,8,stop,green,0.0,0.0
AEGISVOPAK.NS,Oil Gas & Consumable Fuels,2025-10-17,2025-11-06,288.79,260.37,415,12,stop,green,-11793.0,-1.0
HINDALCO.NS,Metals & Mining,2025-10-27,2025-11-06,830.57,783.91,20,7,stop (gap),green,-933.0,-1.16
CEATLTD.NS,Automobile and Auto Components,2025-10-17,2025-11-07,3672.51,3873.56,28,13,stop,green,5629.0,0.83
ABDL.NS,Fast Moving Consumer Goods,2025-10-23,2025-11-11,604.57,604.57,249,12,stop,green,0.0,0.0
JSWSTEEL.NS,Metals & Mining,2025-10-30,2025-11-21,1201.0,1141.1,81,15,stop,green,-4852.0,-1.0
SAIL.NS,Metals & Mining,2025-11-11,2025-11-21,142.41,131.81,1139,8,stop,green,-12067.0,-1.0
SONACOMS.NS,Automobile and Auto Components,2025-10-15,2025-12-09,450.03,476.21,355,37,score decay,green,9297.0,0.79
CUPID.NS,Fast Moving Consumer Goods,2025-11-14,2026-01-02,58.0,93.91,1,34,stop,green,36.0,5.19
RELIANCE.NS,Oil Gas & Consumable Fuels,2025-11-21,2026-01-06,1533.91,1500.66,158,31,score decay,green,-5253.0,-0.65
HINDZINC.NS,Metals & Mining,2025-12-12,2026-01-08,523.44,578.58,113,18,stop,green,6231.0,1.67
LTF.NS,Financial Services,2025-10-14,2026-01-09,265.27,296.65,688,60,time stop,green,21587.0,1.85
MCX.NS,Financial Services,2025-10-14,2026-01-09,1798.39,2185.64,99,60,time stop,green,38338.0,3.3
NATIONALUM.NS,Metals & Mining,2025-10-27,2026-01-09,229.63,322.55,2,52,stop,green,186.0,6.44
MSUMI.NS,Automobile and Auto Components,2026-01-06,2026-01-09,52.04,47.64,2967,3,stop,green,-13073.0,-1.0
CUB.NS,Financial Services,2025-10-29,2026-01-12,178.33,199.92,857,51,stop,green,18505.0,1.56
SANSERA.NS,Automobile and Auto Components,2026-01-06,2026-01-12,1921.46,1767.69,43,4,stop,green,-6612.0,-1.0
BRITANNIA.NS,Fast Moving Consumer Goods,2026-01-08,2026-01-12,6054.17,5846.14,10,2,score decay,green,-2080.0,-0.79
PFOCUS.NS,Media Entertainment & Publication,2025-12-09,2026-01-20,188.47,211.72,583,29,stop,green,13556.0,1.12
BHARATFORG.NS,Automobile and Auto Components,2025-11-12,2026-01-21,1404.13,1374.25,69,49,score decay,green,-2061.0,-0.34
INDUSTOWER.NS,Telecommunication,2025-11-06,2026-02-02,377.69,416.14,330,60,time stop,green,12689.0,1.46
