ticker,next_earnings
360ONE.NS,2026-10-15
ABB.NS,2026-07-31
ACC.NS,2026-10-30
AIAENG.NS,2026-11-06
APLAPOLLO.NS,2026-10-29
AUBANK.NS,2026-10-17
AARTIIND.NS,2026-07-30
AAVAS.NS,2026-10-21
ABBOTINDIA.NS,2026-11-05
ADANIENSOL.NS,2026-10-29
ADANIENT.NS,2026-10-28
ADANIGREEN.NS,2026-10-21
ADANIPORTS.NS,2026-07-29
ADANIPOWER.NS,2026-10-29
ATGL.NS,2026-10-27
ABCAPITAL.NS,2026-10-29
ABFRL.NS,2026-11-04
ALKEM.NS,2026-11-12
AMBUJACEM.NS,2026-07-28
APOLLOHOSP.NS,2026-11-05
APOLLOTYRE.NS,2026-08-06
ASHOKLEY.NS,2026-08-14
ASIANPAINT.NS,2026-10-29
ASTRAL.NS,2026-11-11
ATUL.NS,2026-10-16
AUROPHARMA.NS,2026-11-05
DMART.NS,2026-10-10
AXISBANK.NS,2026-10-14
BAJAJ-AUTO.NS,2026-10-15
BAJFINANCE.NS,2026-07-30
BAJAJFINSV.NS,2026-07-31
BAJAJHLDNG.NS,2026-07-31
BALKRISIND.NS,2026-10-30
BANDHANBNK.NS,2026-10-29
BANKBARODA.NS,2026-10-30
BATAINDIA.NS,2026-10-26
BAYERCROP.NS,2026-11-05
BERGEPAINT.NS,2026-11-03
BDL.NS,2026-11-12
BEL.NS,2026-10-29
BHARATFORG.NS,2026-11-13
BHEL.NS,2026-10-15
BPCL.NS,2026-10-22
BHARTIARTL.NS,2026-11-05
BIOCON.NS,2026-08-06
BSOFT.NS,2026-10-28
BLUESTARCO.NS,2026-11-04
BOSCHLTD.NS,2026-08-10
BRIGADE.NS,2026-10-28
BRITANNIA.NS,2026-11-05
CESC.NS,2026-10-16
CGPOWER.NS,2026-10-29
CANBK.NS,2026-10-29
CARBORUNIV.NS,2026-10-29
CASTROLIND.NS,2026-11-03
CHAMBLFERT.NS,2026-07-30
CHOLAHLDNG.NS,2026-11-13
CHOLAFIN.NS,2026-07-28
CIPLA.NS,2026-10-29
CUB.NS,2026-07-28
CLEAN.NS,2026-08-03
COALINDIA.NS,2026-10-29
COFORGE.NS,2026-10-22
COLPAL.NS,2026-10-22
CAMS.NS,2026-10-28
CONCOR.NS,2026-10-23
COROMANDEL.NS,2026-10-29
CROMPTON.NS,2026-11-05
CUMMINSIND.NS,2026-11-05
CYIENT.NS,2026-10-15
DLF.NS,2026-10-29
DABUR.NS,2026-10-29
DALBHARAT.NS,2026-10-15
DEEPAKNTR.NS,2026-08-04
DELHIVERY.NS,2026-11-04
DEVYANI.NS,2026-10-29
DIVISLAB.NS,2026-10-31
DIXON.NS,2026-10-16
LALPATHLAB.NS,2026-10-23
DRREDDY.NS,2026-10-22
EICHERMOT.NS,2026-07-29
ELGIEQUIP.NS,2026-11-11
EMAMILTD.NS,2026-08-04
ESCORTS.NS,2026-11-03
ETERNAL.NS,2026-10-15
EXIDEIND.NS,2026-07-30
NYKAA.NS,2026-11-05
FEDERALBNK.NS,2026-10-15
FINCABLES.NS,2026-11-13
FORTIS.NS,2026-08-06
GAIL.NS,2026-10-29
GMRAIRPORT.NS,2026-11-12
GLAND.NS,2026-11-03
GLENMARK.NS,2026-10-30
GODREJCP.NS,2026-10-29
GODREJIND.NS,2026-11-13
GODREJPROP.NS,2026-11-05
GRASIM.NS,2026-11-05
FLUOROCHEM.NS,2026-11-13
HCLTECH.NS,2026-10-12
HDFCAMC.NS,2026-10-15
HDFCBANK.NS,2026-10-17
HDFCLIFE.NS,2026-10-15
HAVELLS.NS,2026-10-15
HEROMOTOCO.NS,2026-08-06
HINDALCO.NS,2026-11-05
HAL.NS,2026-11-11
HINDPETRO.NS,2026-10-22
HINDUNILVR.NS,2026-10-29
HINDZINC.NS,2026-10-23
HONAUT.NS,2026-10-29
ICICIBANK.NS,2026-10-17
ICICIGI.NS,2026-10-13
ICICIPRULI.NS,2026-10-13
IDFCFIRSTB.NS,2026-10-17
IIFL.NS,2026-10-29
ITC.NS,2026-10-29
INDIAMART.NS,2026-10-16
INDIANB.NS,2026-10-08
IEX.NS,2026-10-29
INDHOTEL.NS,2026-07-21
IOC.NS,2026-10-26
IRCTC.NS,2026-11-12
IRFC.NS,2026-10-14
IGL.NS,2026-11-12
INDUSTOWER.NS,2026-10-27
INDUSINDBK.NS,2026-10-15
NAUKRI.NS,2026-11-11
INFY.NS,2026-10-23
INDIGO.NS,2026-07-23
IPCALAB.NS,2026-11-12
JKCEMENT.NS,2026-07-20
JSWENERGY.NS,2026-10-15
JSWSTEEL.NS,2026-10-16
JSL.NS,2026-08-03
JINDALSTEL.NS,2026-10-28
JUBLFOOD.NS,2026-08-13
JUBLPHARMA.NS,2026-10-30
KPRMILL.NS,2026-11-04
KEI.NS,2026-10-14
KPITTECH.NS,2026-07-29
KAJARIACER.NS,2026-10-15
KPIL.NS,2026-10-29
KARURVYSYA.NS,2026-10-16
KOTAKBANK.NS,2026-10-17
KIMS.NS,2026-08-03
LTF.NS,2026-10-14
LTTS.NS,2026-10-16
LICHSGFIN.NS,2026-10-28
LTM.NS,2026-10-12
LT.NS,2026-10-28
LAURUSLABS.NS,2026-10-22
LEMONTREE.NS,2026-08-07
LICI.NS,2026-11-05
LINDEINDIA.NS,2026-11-05
LODHA.NS,2026-10-29
LUPIN.NS,2026-11-05
MRF.NS,2026-11-12
MGL.NS,2026-10-29
M&MFIN.NS,2026-10-27
M&M.NS,2026-07-30
MANAPPURAM.NS,2026-10-29
MANKIND.NS,2026-10-29
MARICO.NS,2026-08-04
MARUTI.NS,2026-10-29
MFSL.NS,2026-10-27
MAXHEALTH.NS,2026-08-13
MSUMI.NS,2026-11-05
MPHASIS.NS,2026-10-29
MCX.NS,2026-11-05
MUTHOOTFIN.NS,2026-10-30
NATCOPHARM.NS,2026-11-12
NCC.NS,2026-11-05
NHPC.NS,2026-11-05
NMDC.NS,2026-10-29
NTPC.NS,2026-10-29
NATIONALUM.NS,2026-07-31
NAVINFLUOR.NS,2026-10-29
NESTLEIND.NS,2026-10-15
OBEROIRLTY.NS,2026-10-14
ONGC.NS,2026-08-04
OIL.NS,2026-08-07
PAYTM.NS,2026-07-20
OFSS.NS,2026-10-23
POLICYBZR.NS,2026-10-29
PIIND.NS,2026-11-17
PVRINOX.NS,2026-10-15
PAGEIND.NS,2026-11-12
PATANJALI.NS,2026-10-29
PERSISTENT.NS,2026-10-15
PETRONET.NS,2026-11-05
PFIZER.NS,2026-10-28
PHOENIXLTD.NS,2026-10-29
PIDILITIND.NS,2026-10-29
PPLPHARMA.NS,2026-07-29
POLYCAB.NS,2026-10-15
POONAWALLA.NS,2026-10-16
PFC.NS,2026-11-06
POWERGRID.NS,2026-08-06
PRESTIGE.NS,2026-07-29
PNB.NS,2026-10-15
RBLBANK.NS,2026-10-15
RECLTD.NS,2026-10-16
RADICO.NS,2026-10-28
REDINGTON.NS,2026-07-29
RELIANCE.NS,2026-10-16
SBICARD.NS,2026-10-22
SBILIFE.NS,2026-10-23
SRF.NS,2026-10-26
SAMMAANCAP.NS,2026-10-29
MOTHERSON.NS,2026-08-06
SCHAEFFLER.NS,2026-10-29
SHREECEM.NS,2026-10-28
SHRIRAMFIN.NS,2026-10-30
SIEMENS.NS,2026-11-04
SOLARINDS.NS,2026-08-13
SONACOMS.NS,2026-10-22
SONATSOFTW.NS,2026-08-06
STARHEALTH.NS,2026-10-27
SBIN.NS,2026-11-04
SAIL.NS,2026-10-29
SUNPHARMA.NS,2026-07-31
SUNTV.NS,2026-11-13
SUNDARMFIN.NS,2026-11-02
SUPREMEIND.NS,2026-10-26
SUZLON.NS,2026-10-27
SYNGENE.NS,2026-07-29
TVSMOTOR.NS,2026-10-21
TATACHEM.NS,2026-10-29
TATACOMM.NS,2026-10-14
TCS.NS,2026-10-08
TATACONSUM.NS,2026-07-24
TATAELXSI.NS,2026-10-08
TMPV.NS,2026-08-13
TATAPOWER.NS,2026-07-27
TATASTEEL.NS,2026-07-30
TECHM.NS,2026-10-14
TEJASNET.NS,2026-10-16
NIACL.NS,2026-07-24
RAMCOCEM.NS,2026-11-04
THERMAX.NS,2026-07-30
TIMKEN.NS,2026-11-03
TITAN.NS,2026-11-03
TORNTPHARM.NS,2026-07-30
TORNTPOWER.NS,2026-08-03
TRENT.NS,2026-11-05
TIINDIA.NS,2026-11-05
UNOMINDA.NS,2026-11-05
UPL.NS,2026-08-03
ULTRACEMCO.NS,2026-10-15
UNIONBANK.NS,2026-10-29
UBL.NS,2026-10-29
UNITDSPR.NS,2026-10-22
VBL.NS,2026-10-28
VEDL.NS,2026-10-29
IDEA.NS,2026-11-13
VOLTAS.NS,2026-08-14
WHIRLPOOL.NS,2026-11-04
WIPRO.NS,2026-10-15
YESBANK.NS,2026-10-17
ZEEL.NS,2026-10-15
ZYDUSLIFE.NS,2026-11-05
